Score,Match_addr,ICO,ZNACKA,NAZEV,ULICE,PSC,MESTO,OKRES,KRAJ,rok,addr,PNTCNT
100.000000000000000,"Obchodní 250, Beroun 26601",26230071,Dr.Max,Dr.Max LÉKÁRNA,Obchodní 250,26601,Beroun,,,2015,"Obchodní 250, Beroun 26601",182
100.000000000000000,"Seifertova 1683, Blansko 67801",26230071,Dr.Max,Dr.Max LÉKÁRNA,Seifertova 1683/6a,67801,Blansko,,,2015,"Seifertova 1683, Blansko 67801",250
100.000000000000000,"tř. J. P. Koubka 110, Blatná 38801",26230071,Dr.Max,Dr.Max LÉKÁRNA,tř. J. P. Koubka 110,38801,Blatná,,,2015,"tř. J. P. Koubka 110, Blatná 38801",269
100.000000000000000,"9. května 1197, Bohumín 73581",26230071,Dr.Max,Dr.Max LÉKÁRNA,9. května 1197,73581,Bohumín,,,2015,"9. května 1197, Bohumín 73581",391
100.000000000000000,"Rovná 4, Boskovice 68001",26230071,Dr.Max,Dr.Max LÉKÁRNA,Rovná 4,68001,Boskovice,,,2015,"Rovná 4, Boskovice 68001",36
100.000000000000000,"Bašty 413, Brno 60200",26230071,Dr.Max,Dr.Max LÉKÁRNA,Bašty 413/2,60200,Brno,,,2015,"Bašty 413, Brno 60200",429
100.000000000000000,"Bednaříkova 2893, Brno 62800",26230071,Dr.Max,Dr.Max LÉKÁRNA,Bednaříkova 2893/1a,62800,Brno,,,2015,"Bednaříkova 2893, Brno 62800",672
96.250000000000000,"Hradecká 408, Brno 62100",26230071,Dr.Max,Dr.Max LÉKÁRNA,Hradecká 40,62100,Brno,,,2015,"Hradecká 40, Brno 62100",38
100.000000000000000,"Jugoslávská 770, Brno 61300",26230071,Dr.Max,Dr.Max LÉKÁRNA,Jugoslávská 770/13,61300,Brno,,,2015,"Jugoslávská 770, Brno 61300",899
95.000000000000000,"Kamenice 1, Brno 62500",26230071,Dr.Max,Dr.Max LÉKÁRNA,Kamenice 1a,62500,Brno,,,2015,"Kamenice 1a, Brno 62500",106
100.000000000000000,"Kubíčkova 6, Brno 63500",26230071,Dr.Max,Dr.Max LÉKÁRNA,Kubíčkova 6,63500,Brno,,,2015,"Kubíčkova 6, Brno 63500",1184
100.000000000000000,"Libušina třída 578, Brno 62300",26230071,Dr.Max,Dr.Max LÉKÁRNA,Libušina třída 578/19,62300,Brno,,,2015,"Libušina třída 578, Brno 62300",421
100.000000000000000,"Nádražní 418, Brno 60200",26230071,Dr.Max,Dr.Max LÉKÁRNA,Nádražní 418/1,60200,Brno,,,2015,"Nádražní 418, Brno 60200",334
100.000000000000000,"Nádražní 595, Brno 60200",26230071,Dr.Max,Dr.Max LÉKÁRNA,Nádražní 595/4,60200,Brno,,,2015,"Nádražní 595, Brno 60200",385
100.000000000000000,"náměstí Svornosti 2573, Brno 61600",26230071,Dr.Max,Dr.Max LÉKÁRNA,náměstí Svornosti 2573/6,61600,Brno,,,2015,"náměstí Svornosti 2573, Brno 61600",704
100.000000000000000,"Palackého třída 1104, Brno 61200",26230071,Dr.Max,Dr.Max LÉKÁRNA,Palackého třída 1104/55,61200,Brno,,,2015,"Palackého třída 1104, Brno 61200",570
100.000000000000000,"U pošty 14, Brno 62500",26230071,Dr.Max,Dr.Max LÉKÁRNA,U Pošty 14,62500,Brno,,,2015,"U Pošty 14, Brno 62500",660
100.000000000000000,"Ve Vaňkovce 1, Brno 60200",26230071,Dr.Max,Dr.Max LÉKÁRNA,Ve Vaňkovce 1,60200,Brno,,,2015,"Ve Vaňkovce 1, Brno 60200",233
100.000000000000000,"Vídeňská 995, Brno 63900",26230071,Dr.Max,Dr.Max LÉKÁRNA,Vídeňská 995/63,63900,Brno,,,2015,"Vídeňská 995, Brno 63900",538
100.000000000000000,"Nádražní 1089, Bruntál 79201",26230071,Dr.Max,Dr.Max LÉKÁRNA,Nádražní 1089/26,79201,Bruntál,,,2015,"Nádražní 1089, Bruntál 79201",213
100.000000000000000,"tř. Práce 1960, Bruntál 79201",26230071,Dr.Max,Dr.Max LÉKÁRNA,tř. Práce 1960/1,79201,Bruntál,,,2015,"tř. Práce 1960, Bruntál 79201",361
100.000000000000000,"Nádražní 320, Bučovice 68501",26230071,Dr.Max,Dr.Max LÉKÁRNA,Nádražní 320,68501,Bučovice,,,2015,"Nádražní 320, Bučovice 68501",118
100.000000000000000,"6. května 47, Bystřice pod Hostýnem 76861",26230071,Dr.Max,Dr.Max LÉKÁRNA,6. května 47,76861,Bystřice pod Hostýnem,,,2015,"6. května 47, Bystřice pod Hostýnem 76861",154
100.000000000000000,"Jeníkovská 1983, Čáslav 28601",26230071,Dr.Max,Dr.Max LÉKÁRNA,Jeníkovská 1983,28601,Čáslav,,,2015,"Jeníkovská 1983, Čáslav 28601",148
100.000000000000000,"Erbenova 2906, Česká Lípa 47001",26230071,Dr.Max,Dr.Max LÉKÁRNA,Erbenova 2906,47001,Česká Lípa,,,2015,"Erbenova 2906, Česká Lípa 47001",244
100.000000000000000,"Mimoňská 3090, Česká Lípa 47001",26230071,Dr.Max,Dr.Max LÉKÁRNA,Mimoňská 3090,47001,Česká Lípa,,,2015,"Mimoňská 3090, Česká Lípa 47001",193
100.000000000000000,"Dr. E. Beneše 692, Česká Třebová 56002",26230071,Dr.Max,Dr.Max LÉKÁRNA,Dr. E. Beneše 692,56002,Česká Třebová,,,2015,"Dr. E. Beneše 692, Česká Třebová 56002",172
92.500000000000000,"B. Němcové 1489, České Budějovice 37001",26230071,Dr.Max,Dr.Max LÉKÁRNA,B.Němcové 1489,37001,České Budějovice,,,2015,"B.Němcové 1489, České Budějovice 37001",412
100.000000000000000,"České Vrbné 2327, České Budějovice 37011",26230071,Dr.Max,Dr.Max LÉKÁRNA,České Vrbné 2327,37011,České Budějovice,,,2015,"České Vrbné 2327, České Budějovice 37011",296
97.000000000000000,"Na Sadech 2033, České Budějovice 37001",26230071,Dr.Max,Dr.Max LÉKÁRNA,Na Sadech 23,37001,České Budějovice,,,2015,"Na Sadech 23, České Budějovice 37001",608
100.000000000000000,"Na Sádkách 1444, České Budějovice 37005",26230071,Dr.Max,Dr.Max LÉKÁRNA,Na Sádkách 1444,37005,České Budějovice,,,2015,"Na Sádkách 1444, České Budějovice 37005",17
90.000000000000000,"Pražská tř. 71, České Budějovice 37004",26230071,Dr.Max,Dr.Max LÉKÁRNA,Pražská 71,37004,České Budějovice,,,2015,"Pražská 71, České Budějovice 37004",759
85.000000000000000,"T. G. Masaryka 212, Český Krumlov 38101",26230071,Dr.Max,Dr.Max LÉKÁRNA,T.G.Masaryka 212,38101,Český Krumlov,,,2015,"T.G.Masaryka 212, Český Krumlov 38101",163
100.000000000000000,"Ostravská 2030, Český Těšín 73701",26230071,Dr.Max,Dr.Max LÉKÁRNA,Ostravská 2030,73701,Český Těšín,,,2015,"Ostravská 2030, Český Těšín 73701",393
100.000000000000000,"Dragounská 6, Cheb 35002",26230071,Dr.Max,Dr.Max LÉKÁRNA,Dragounská 6/2529 OC Dragoun,35002,Cheb,,,2015,"Dragounská 6, Cheb 35002",473
100.000000000000000,"Májová 582, Cheb 35002",26230071,Dr.Max,Dr.Max LÉKÁRNA,Májová 582/19,35002,Cheb,,,2015,"Májová 582, Cheb 35002",572
100.000000000000000,"Pivovarská 2396, Cheb 35002",26230071,Dr.Max,Dr.Max LÉKÁRNA,Pivovarská 2396/21,35002,Cheb,,,2015,"Pivovarská 2396, Cheb 35002",298
100.000000000000000,"U Porcelánky 1017, Chodov 35735",26230071,Dr.Max,Dr.Max LÉKÁRNA,U Porcelánky 1017,35735,Chodov,,,2015,"U Porcelánky 1017, Chodov 35735",289
100.000000000000000,"Masarykovo náměstí 55, Chrudim 53701",26230071,Dr.Max,Dr.Max LÉKÁRNA,Masarykovo náměstí 55,53701,Chrudim,,,2015,"Masarykovo náměstí 55, Chrudim 53701",354
100.000000000000000,"Ústecká 1905, Děčín 40502",26230071,Dr.Max,Dr.Max LÉKÁRNA,Ústecká 1905/8,40502,Děčín,,,2015,"Ústecká 1905, Děčín 40502",62
100.000000000000000,"Dělnická 120, Dolní Břežany 25241",26230071,Dr.Max,Dr.Max LÉKÁRNA,Dělnická 120,25241,Dolní Břežany,,,2015,"Dělnická 120, Dolní Břežany 25241",11
100.000000000000000,"Msgre. B. Staška 2, Domažlice 34401",26230071,Dr.Max,Dr.Max LÉKÁRNA,Msgre. B. Staška 2,34401,Domažlice,,,2015,"Msgre. B. Staška 2, Domažlice 34401",230
100.000000000000000,"Preslova 2658, Dvůr Králové nad Labem 54401",26230071,Dr.Max,Dr.Max LÉKÁRNA,Preslova 2658,54401,Dvůr Králové nad Labem,,,2015,"Preslova 2658, Dvůr Králové nad Labem 54401",248
100.000000000000000,"Rožnovská 240, Frenštát pod Radhoštěm 74401",26230071,Dr.Max,Dr.Max LÉKÁRNA,Rožnovská 240,74401,Frenštát pod Radhoštěm,,,2015,"Rožnovská 240, Frenštát pod Radhoštěm 74401",348
100.000000000000000,"Hlavní 1713, Frýdlant nad Ostravicí 73911",26230071,Dr.Max,Dr.Max LÉKÁRNA,Hlavní 1713,73911,Frýdlant nad Ostravicí,,,2015,"Hlavní 1713, Frýdlant nad Ostravicí 73911",84
100.000000000000000,"Bělohradská 3855, Havlíčkův Brod 58001",26230071,Dr.Max,Dr.Max LÉKÁRNA,Bělohradská 3855,58001,Havlíčkův Brod,,,2015,"Bělohradská 3855, Havlíčkův Brod 58001",155
100.000000000000000,"Dolní 100, Havlíčkův Brod 58001",26230071,Dr.Max,Dr.Max LÉKÁRNA,Dolní 100,58001,Havlíčkův Brod,,,2015,"Dolní 100, Havlíčkův Brod 58001",389
100.000000000000000,"Nádražní 548, Hlinsko 53901",26230071,Dr.Max,Dr.Max LÉKÁRNA,Nádražní 548,53901,Hlinsko,,,2015,"Nádražní 548, Hlinsko 53901",74
100.000000000000000,"Dvořákova 4115, Hodonín 69501",26230071,Dr.Max,Dr.Max LÉKÁRNA,"Dvořákova 4115/6, NC Cukrovar",69501,Hodonín,,,2015,"Dvořákova 4115, Hodonín 69501",161
100.000000000000000,"Konečná 4, Hodonín 69501",26230071,Dr.Max,Dr.Max LÉKÁRNA,Konečná 4,69501,Hodonín,,,2015,"Konečná 4, Hodonín 69501",316
100.000000000000000,"Palackého 545, Holešov 76901",26230071,Dr.Max,Dr.Max LÉKÁRNA,Palackého 545,76901,Holešov,,,2015,"Palackého 545, Holešov 76901",229
100.000000000000000,"Havlíčkova 146, Hořice 50801",26230071,Dr.Max,Dr.Max LÉKÁRNA,Havlíčkova 146,50801,Hořice,,,2015,"Havlíčkova 146, Hořice 50801",189
100.000000000000000,"Prostřední 791, Hostivice 25301",26230071,Dr.Max,Dr.Max LÉKÁRNA,Prostřední 791,25301,Hostivice,,,2015,"Prostřední 791, Hostivice 25301",36
90.000000000000000,"Dukelská třída 479, Hradec Králové 50002",26230071,Dr.Max,Dr.Max LÉKÁRNA,Dukelská 479,50002,Hradec Králové,,,2015,"Dukelská 479, Hradec Králové 50002",540
100.000000000000000,"Jeronýmova 750, Hradec Králové 50002",26230071,Dr.Max,Dr.Max LÉKÁRNA,Jeronýmova 750,50002,Hradec Králové,,,2015,"Jeronýmova 750, Hradec Králové 50002",748
91.430000000000007,"třída Karla IV. 468, Hradec Králové 50002",26230071,Dr.Max,Dr.Max LÉKÁRNA,Karla IV. 468,50002,Hradec Králové,,,2015,"Karla IV. 468, Hradec Králové 50002",657
100.000000000000000,"Pilnáčkova 436, Hradec Králové 50003",26230071,Dr.Max,Dr.Max LÉKÁRNA,Pilnáčkova 436/11,50003,Hradec Králové,,,2015,"Pilnáčkova 436, Hradec Králové 50003",147
90.000000000000000,"Rašínova třída 1669, Hradec Králové 50002",26230071,Dr.Max,Dr.Max LÉKÁRNA,Rašínova 1669,50002,Hradec Králové,,,2015,"Rašínova 1669, Hradec Králové 50002",53
100.000000000000000,"S. K. Neumanna 329, Hradec Králové 50002",26230071,Dr.Max,Dr.Max LÉKÁRNA,S. K. Neumanna 329,50002,Hradec Králové,,,2015,"S. K. Neumanna 329, Hradec Králové 50002",350
100.000000000000000,"Víta Nejedlého 1063, Hradec Králové 50003",26230071,Dr.Max,Dr.Max LÉKÁRNA,Víta Nejedlého 1063,50003,Hradec Králové,,,2015,"Víta Nejedlého 1063, Hradec Králové 50003",334
100.000000000000000,"Zborovská 2008, Hranice 75301",26230071,Dr.Max,Dr.Max LÉKÁRNA,Zborovská 2008,75301,Hranice,,,2015,"Zborovská 2008, Hranice 75301",177
100.000000000000000,"Hálkova 1568, Humpolec 39601",26230071,Dr.Max,Dr.Max LÉKÁRNA,Hálkova 1568,39601,Humpolec,,,2015,"Hálkova 1568, Humpolec 39601",190
100.000000000000000,"Budovatelů 3398, Jablonec nad Nisou 46601",26230071,Dr.Max,Dr.Max LÉKÁRNA,Budovatelů 3398/14,46601,Jablonec nad Nisou,,,2015,"Budovatelů 3398, Jablonec nad Nisou 46601",581
100.000000000000000,"Jateční 4, Jablonec nad Nisou 46601",26230071,Dr.Max,Dr.Max LÉKÁRNA,Jateční 4/5156,46601,Jablonec nad Nisou,,,2015,"Jateční 4, Jablonec nad Nisou 46601",97
100.000000000000000,"U Kostela 4754, Jablonec nad Nisou 46604",26230071,Dr.Max,Dr.Max LÉKÁRNA,U Kostela 4754/37,46604,Jablonec nad Nisou,,,2015,"U Kostela 4754, Jablonec nad Nisou 46604",579
100.000000000000000,"Školní 474, Jablunkov 73991",26230071,Dr.Max,Dr.Max LÉKÁRNA,Školní 474,73991,Jablunkov,,,2015,"Školní 474, Jablunkov 73991",166
100.000000000000000,"Fučíkova 1342, Jeseník 79001",26230071,Dr.Max,Dr.Max LÉKÁRNA,Fučíkova 1342/3,79001,Jeseník,,,2015,"Fučíkova 1342, Jeseník 79001",415
100.000000000000000,"Riegrova 1148, Jičín 50601",26230071,Dr.Max,Dr.Max LÉKÁRNA,Riegrova 1148,50601,Jičín,,,2015,"Riegrova 1148, Jičín 50601",242
100.000000000000000,"Brněnská 74, Jihlava 58601",26230071,Dr.Max,Dr.Max LÉKÁRNA,Brněnská 74,58601,Jihlava,,,2015,"Brněnská 74, Jihlava 58601",237
100.000000000000000,"Vrchlického 57, Jihlava 58601",26230071,Dr.Max,Dr.Max LÉKÁRNA,Vrchlického 57,58601,Jihlava,,,2015,"Vrchlického 57, Jihlava 58601",388
100.000000000000000,"Jáchymova 903, Jindřichův Hradec 37701",26230071,Dr.Max,Dr.Max LÉKÁRNA,Jáchymova 903,37701,Jindřichův Hradec,,,2015,"Jáchymova 903, Jindřichův Hradec 37701",306
100.000000000000000,"Václavská 49, Jindřichův Hradec 37701",26230071,Dr.Max,Dr.Max LÉKÁRNA,Václavská 49/III,37701,Jindřichův Hradec,,,2015,"Václavská 49, Jindřichův Hradec 37701",159
100.000000000000000,"Na Průtahu 1960, Kadaň 43201",26230071,Dr.Max,Dr.Max LÉKÁRNA,Na Průtahu 1960,43201,Kadaň,,,2015,"Na Průtahu 1960, Kadaň 43201",375
100.000000000000000,"Gen. Fanty 36, Kaplice 38241",26230071,Dr.Max,Dr.Max LÉKÁRNA,Gen. Fanty 36,38241,Kaplice,,,2015,"Gen. Fanty 36, Kaplice 38241",202
100.000000000000000,"Náměstí 44, Kaplice 38241",26230071,Dr.Max,Dr.Max LÉKÁRNA,Náměstí 44,38241,Kaplice,,,2015,"Náměstí 44, Kaplice 38241",144
100.000000000000000,"Horova 1223, Karlovy Vary 36001",26230071,Dr.Max,Dr.Max LÉKÁRNA,Horova 1223/1,36001,Karlovy Vary,,,2015,"Horova 1223, Karlovy Vary 36001",555
100.000000000000000,"Sokolovská 1019, Karlovy Vary 36005",26230071,Dr.Max,Dr.Max LÉKÁRNA,Sokolovská 1019/48,36005,Karlovy Vary,,,2015,"Sokolovská 1019, Karlovy Vary 36005",145
100.000000000000000,"Nádražní 1939, Karviná 73301",26230071,Dr.Max,Dr.Max LÉKÁRNA,Nádražní 1939/4a,73301,Karviná,,,2015,"Nádražní 1939, Karviná 73301",67
100.000000000000000,"Italská 50, Kladno 27201",26230071,Dr.Max,Dr.Max LÉKÁRNA,Italská 50,27201,Kladno,,,2015,"Italská 50, Kladno 27201",918
100.000000000000000,"Sadová 528, Klášterec nad Ohří 43151",26230071,Dr.Max,Dr.Max LÉKÁRNA,Sadová 528,43151,Klášterec nad Ohří,,,2015,"Sadová 528, Klášterec nad Ohří 43151",374
100.000000000000000,"Dukelská 513, Klatovy 33901",26230071,Dr.Max,Dr.Max LÉKÁRNA,Dukelská 513/II,33901,Klatovy,,,2015,"Dukelská 513, Klatovy 33901",260
100.000000000000000,"Kpt. Jaroše 110, Klatovy 33901",26230071,Dr.Max,Dr.Max LÉKÁRNA,kpt. Jaroše 110/I,33901,Klatovy,,,2015,"kpt. Jaroše 110, Klatovy 33901",501
100.000000000000000,"Nádražní 843, Klatovy 33901",26230071,Dr.Max,Dr.Max LÉKÁRNA,Nádražní 843/III,33901,Klatovy,,,2015,"Nádražní 843, Klatovy 33901",454
100.000000000000000,"Šumavská 782, Klatovy 33901",26230071,Dr.Max,Dr.Max LÉKÁRNA,"Šumavská 782/IV, OD Kaufland",33901,Klatovy,,,2015,"Šumavská 782, Klatovy 33901",142
100.000000000000000,"Benešova 1000, Kolín 28002",26230071,Dr.Max,Dr.Max LÉKÁRNA,Benešova 1000,28002,Kolín,,,2015,"Benešova 1000, Kolín 28002",690
100.000000000000000,"Karlovo náměstí 89, Kolín 28002",26230071,Dr.Max,Dr.Max LÉKÁRNA,Karlovo náměstí 89,28002,Kolín,,,2015,"Karlovo náměstí 89, Kolín 28002",271
100.000000000000000,"Štefánikova 1410, Kopřivnice 74221",26230071,Dr.Max,Dr.Max LÉKÁRNA,Štefánikova 1410/18d,74221,Kopřivnice,,,2015,"Štefánikova 1410, Kopřivnice 74221",379
100.000000000000000,"náměstí Smiřických 42, Kostelec nad Černými lesy 28163",26230071,Dr.Max,Dr.Max LÉKÁRNA,Náměstí Smiřických 42,28163,Kostelec nad Černými Lesy,,,2015,"Náměstí Smiřických 42, Kostelec nad Černými Lesy 28163",17
100.000000000000000,"Turenská 565, Kostelec nad Labem 27713",26230071,Dr.Max,Dr.Max LÉKÁRNA,Turenská 565,27713,Kostelec nad Labem,,,2015,"Turenská 565, Kostelec nad Labem 27713",21
100.000000000000000,"Mostní 934, Kralupy nad Vltavou 27801",26230071,Dr.Max,Dr.Max LÉKÁRNA,Mostní 934,27801,Kralupy nad Vltavou,,,2015,"Mostní 934, Kralupy nad Vltavou 27801",314
100.000000000000000,"Plzeňská 396, Králův Dvůr 26701",26230071,Dr.Max,Dr.Max LÉKÁRNA,Plzeňská 396,26701,Králův Dvůr,,,2015,"Plzeňská 396, Králův Dvůr 26701",62
100.000000000000000,"Opavská 1132, Krnov 79401",26230071,Dr.Max,Dr.Max LÉKÁRNA,Opavská 1132/14,79401,Krnov,,,2015,"Opavská 1132, Krnov 79401",305
100.000000000000000,"Revoluční 27, Krnov 79401",26230071,Dr.Max,Dr.Max LÉKÁRNA,Revoluční 27/2312,79401,Krnov,,,2015,"Revoluční 27, Krnov 79401",444
100.000000000000000,"Obvodová 3313, Kroměříž 76701",26230071,Dr.Max,Dr.Max LÉKÁRNA,Obvodová 3313/13B,76701,Kroměříž,,,2015,"Obvodová 3313, Kroměříž 76701",316
100.000000000000000,"Tyršova 1732, Kuřim 66434",26230071,Dr.Max,Dr.Max LÉKÁRNA,Tyršova 1732/41,66434,Kuřim,,,2015,"Tyršova 1732, Kuřim 66434",110
100.000000000000000,"Ortenova 188, Kutná Hora 28401",26230071,Dr.Max,Dr.Max LÉKÁRNA,Ortenova 188,28401,Kutná Hora,,,2015,"Ortenova 188, Kutná Hora 28401",248
100.000000000000000,"Jiráskova 1331, Kyjov 69701",26230071,Dr.Max,Dr.Max LÉKÁRNA,Jiráskova 1331,69701,Kyjov,,,2015,"Jiráskova 1331, Kyjov 69701",259
100.000000000000000,"Habrecká 450, Ledeč nad Sázavou 58401",26230071,Dr.Max,Dr.Max LÉKÁRNA,Habrecká 450,58401,Ledeč nad Sázavou,,,2015,"Habrecká 450, Ledeč nad Sázavou 58401",177
100.000000000000000,"Budyšínská 1400, Liberec 46001",26230071,Dr.Max,Dr.Max LÉKÁRNA,Budyšínská 1400,46001,Liberec,,,2015,"Budyšínská 1400, Liberec 46001",332
100.000000000000000,"Polní 622, Liberec 46001",26230071,Dr.Max,Dr.Max LÉKÁRNA,Polní 622/27,46001,Liberec,,,2015,"Polní 622, Liberec 46001",201
100.000000000000000,"Tanvaldská 325, Liberec 46311",26230071,Dr.Max,Dr.Max LÉKÁRNA,Tanvaldská 325,46311,Liberec,,,2015,"Tanvaldská 325, Liberec 46311",154
100.000000000000000,"Na Kocandě 2201, Litoměřice 41201",26230071,Dr.Max,Dr.Max LÉKÁRNA,Na Kocandě 2201/35,41201,Litoměřice,,,2015,"Na Kocandě 2201, Litoměřice 41201",217
100.000000000000000,"Palachova 9, Litoměřice 41201",26230071,Dr.Max,Dr.Max LÉKÁRNA,Palachova 9,41201,Litoměřice,,,2015,"Palachova 9, Litoměřice 41201",454
100.000000000000000,"Želetická 2227, Litoměřice 41201",26230071,Dr.Max,Dr.Max LÉKÁRNA,Želetická 2227,41201,Litoměřice,,,2015,"Želetická 2227, Litoměřice 41201",4
98.290000000000006,"Václava Majera 2898, Louny 44001",26230071,Dr.Max,Dr.Max LÉKÁRNA,Václava Mayera 2898,44001,Louny,,,2015,"Václava Mayera 2898, Louny 44001",139
100.000000000000000,"Masarykova 1102, Lysá nad Labem 28922",26230071,Dr.Max,Dr.Max LÉKÁRNA,Masarykova 1102,28922,Lysá nad Labem,,,2015,"Masarykova 1102, Lysá nad Labem 28922",163
100.000000000000000,"Chebská 713, Mariánské Lázně 35301",26230071,Dr.Max,Dr.Max LÉKÁRNA,Chebská 713/16A,35301,Mariánské Lázně,,,2015,"Chebská 713, Mariánské Lázně 35301",212
100.000000000000000,"Vodárenská 3653, Mělník 27601",26230071,Dr.Max,Dr.Max LÉKÁRNA,Vodárenská 3653,27601,Mělník,,,2015,"Vodárenská 3653, Mělník 27601",191
100.000000000000000,"Za Krejcárkem 150, Milevsko 39901",26230071,Dr.Max,Dr.Max LÉKÁRNA,Za Krejcárkem 150,39901,Milevsko,,,2015,"Za Krejcárkem 150, Milevsko 39901",115
100.000000000000000,"tř. Václava Klementa 1459, Mladá Boleslav 29301",26230071,Dr.Max,Dr.Max LÉKÁRNA,Tř. Václava Klementa 1459,29301,Mladá Boleslav,,,2015,"Tř. Václava Klementa 1459, Mladá Boleslav 29301",453
100.000000000000000,"U dálnice 744, Modřice 66442",26230071,Dr.Max,Dr.Max LÉKÁRNA,U dálnice 744,66442,Modřice,,,2015,"U dálnice 744, Modřice 66442",6
100.000000000000000,"Svitavská 1501, Moravská Třebová 57101",26230071,Dr.Max,Dr.Max LÉKÁRNA,Svitavská 1501/29,57101,Moravská Třebová,,,2015,"Svitavská 1501, Moravská Třebová 57101",193
88.000000000000000,"tř. Budovatelů 1877, Most 43401",26230071,Dr.Max,Dr.Max LÉKÁRNA,Budovatelů 1877,43401,Most,,,2015,"Budovatelů 1877, Most 43401",866
100.000000000000000,"Kabátnická 1705, Most 43401",26230071,Dr.Max,Dr.Max LÉKÁRNA,Kabátnická 1705,43401,Most,,,2015,"Kabátnická 1705, Most 43401",275
100.000000000000000,"Lipová 807, Most 43401",26230071,Dr.Max,Dr.Max LÉKÁRNA,Lipová 807/14,43401,Most,,,2015,"Lipová 807, Most 43401",1038
100.000000000000000,"Polská 379, Náchod 54701",26230071,Dr.Max,Dr.Max LÉKÁRNA,Polská 379,54701,Náchod,,,2015,"Polská 379, Náchod 54701",71
100.000000000000000,"Pražská 1764, Náchod 54701",26230071,Dr.Max,Dr.Max LÉKÁRNA,Pražská 1764,54701,Náchod,,,2015,"Pražská 1764, Náchod 54701",307
90.000000000000000,"Na Vinici III. 487, Nepomuk 33501",26230071,Dr.Max,Dr.Max LÉKÁRNA,Na Vinici 487,33501,Nepomuk,,,2015,"Na Vinici 487, Nepomuk 33501",12
100.000000000000000,"Komenského 300, Nová Paka 50901",26230071,Dr.Max,Dr.Max LÉKÁRNA,Komenského 300,50901,Nová Paka,,,2015,"Komenského 300, Nová Paka 50901",136
100.000000000000000,"T. G. Masaryka 46, Nové Město nad Metují 54901",26230071,Dr.Max,Dr.Max LÉKÁRNA,T. G. Masaryka 46,54901,Nové Město nad Metují,,,2015,"T. G. Masaryka 46, Nové Město nad Metují 54901",234
100.000000000000000,"Dvořákova 385, Nový Bor 47301",26230071,Dr.Max,Dr.Max LÉKÁRNA,Dvořákova 385,47301,Nový Bor,,,2015,"Dvořákova 385, Nový Bor 47301",271
100.000000000000000,"K Vypichu 497, Nučice 25216",26230071,Dr.Max,Dr.Max LÉKÁRNA,K Vypichu 497,25216,Nučice,,,2015,"K Vypichu 497, Nučice 25216",8
100.000000000000000,"Horní lán 1310, Olomouc 77900",26230071,Dr.Max,Dr.Max LÉKÁRNA,Horní lán 1310/10a,77900,Olomouc,,,2015,"Horní lán 1310, Olomouc 77900",259
100.000000000000000,"Jeremenkova 103, Olomouc 77900",26230071,Dr.Max,Dr.Max LÉKÁRNA,Jeremenkova 103/23,77900,Olomouc,,,2015,"Jeremenkova 103, Olomouc 77900",355
100.000000000000000,"Polská 1, Olomouc 77900",26230071,Dr.Max,Dr.Max LÉKÁRNA,Polská 1,77900,Olomouc,,,2015,"Polská 1, Olomouc 77900",234
100.000000000000000,"Pražská 248, Olomouc 77900",26230071,Dr.Max,Dr.Max LÉKÁRNA,Pražská 248/39,77900,Olomouc,,,2015,"Pražská 248, Olomouc 77900",78
88.000000000000000,"Masarykova třída 19, Opava 74601",26230071,Dr.Max,Dr.Max LÉKÁRNA,Masarykova 19,74601,Opava,,,2015,"Masarykova 19, Opava 74601",474
100.000000000000000,"Jáchymovská 1460, Ostrov 36301",26230071,Dr.Max,Dr.Max LÉKÁRNA,Jáchymovská 1460,36301,Ostrov,,,2015,"Jáchymovská 1460, Ostrov 36301",305
100.000000000000000,"Bělehradská 660, Pardubice 53351",26230071,Dr.Max,Dr.Max LÉKÁRNA,Bělehradská 660,53351,Pardubice,,,2015,"Bělehradská 660, Pardubice 53351",535
100.000000000000000,"Jiřího z Poděbrad 2593, Pardubice 53002",26230071,Dr.Max,Dr.Max LÉKÁRNA,Jiřího z Poděbrad 2593,53002,Pardubice,,,2015,"Jiřího z Poděbrad 2593, Pardubice 53002",597
100.000000000000000,"Poděbradská 293, Pardubice 53009",26230071,Dr.Max,Dr.Max LÉKÁRNA,Poděbradská 293,53009,Pardubice,,,2015,"Poděbradská 293, Pardubice 53009",77
100.000000000000000,"Poděbradská 297, Pardubice 53009",26230071,Dr.Max,Dr.Max LÉKÁRNA,Poděbradská 297,53009,Pardubice,,,2015,"Poděbradská 297, Pardubice 53009",142
100.000000000000000,"S. K. Neumanna 2819, Pardubice 53002",26230071,Dr.Max,Dr.Max LÉKÁRNA,S. K. Neumanna 2819,53002,Pardubice,,,2015,"S. K. Neumanna 2819, Pardubice 53002",392
100.000000000000000,"Pražská 2276, Pelhřimov 39301",26230071,Dr.Max,Dr.Max LÉKÁRNA,Pražská 2276,39301,Pelhřimov,,,2015,"Pražská 2276, Pelhřimov 39301",36
100.000000000000000,"U Nádraží 2565, Písek 39701",26230071,Dr.Max,Dr.Max LÉKÁRNA,U Nádraží 2565,39701,Písek,,,2015,"U Nádraží 2565, Písek 39701",214
100.000000000000000,"Gerská 1845, Plzeň 32300",26230071,Dr.Max,Dr.Max LÉKÁRNA,Gerská 1845/11,32300,Plzeň,,,2015,"Gerská 1845, Plzeň 32300",937
100.000000000000000,"Gerská 2237, Plzeň 32300",26230071,Dr.Max,Dr.Max LÉKÁRNA,Gerská 2237/25 OC Albert,32300,Plzeň,,,2015,"Gerská 2237, Plzeň 32300",1035
100.000000000000000,"Radčická 2861, Plzeň 30100",26230071,Dr.Max,Dr.Max LÉKÁRNA,"Radčická 2861/2, OC Plaza",30100,Plzeň,,,2015,"Radčická 2861, Plzeň 30100",167
100.000000000000000,"Sukova 23, Plzeň 30100",26230071,Dr.Max,Dr.Max LÉKÁRNA,"Sukova 23/2895, OC Kaufland",30100,Plzeň,,,2015,"Sukova 23, Plzeň 30100",254
100.000000000000000,"Tylova 1, Plzeň 30100",26230071,Dr.Max,Dr.Max LÉKÁRNA,Tylova 1/2090,30100,Plzeň,,,2015,"Tylova 1, Plzeň 30100",260
100.000000000000000,"Riegrovo náměstí 178, Poděbrady 29001",26230071,Dr.Max,Dr.Max LÉKÁRNA,Riegrovo náměstí 178/3,29001,Poděbrady,,,2015,"Riegrovo náměstí 178, Poděbrady 29001",192
100.000000000000000,"Masarykova 188, Polička 57201",26230071,Dr.Max,Dr.Max LÉKÁRNA,Masarykova 188,57201,Polička,,,2015,"Masarykova 188, Polička 57201",244
100.000000000000000,"Vodňanská 51, Prachatice 38301",26230071,Dr.Max,Dr.Max LÉKÁRNA,Vodňanská 51,38301,Prachatice,,,2015,"Vodňanská 51, Prachatice 38301",301
100.000000000000000,"Na poříčí 1048, Praha 11000",26230071,Dr.Max,Dr.Max LÉKÁRNA,Na Poříčí 1048/30,11000,Praha 1,,,2015,"Na Poříčí 1048, Praha 11000",514
100.000000000000000,"Národní 417, Praha 11000",26230071,Dr.Max,Dr.Max LÉKÁRNA,Národní 417/35,11000,Praha 1,,,2015,"Národní 417, Praha 11000",711
100.000000000000000,"Revoluční 765, Praha 11000",26230071,Dr.Max,Dr.Max LÉKÁRNA,Revoluční 765/19,11000,Praha 1,,,2015,"Revoluční 765, Praha 11000",601
100.000000000000000,"V celnici 10, Praha 11000",26230071,Dr.Max,Dr.Max LÉKÁRNA,V Celnici 10,11000,Praha 1,,,2015,"V Celnici 10, Praha 11000",544
100.000000000000000,"Vodičkova 40, Praha 11000",26230071,Dr.Max,Dr.Max LÉKÁRNA,Vodičkova 40,11000,Praha 1,,,2015,"Vodičkova 40, Praha 11000",715
100.000000000000000,"Přetlucká 3295, Praha 10000",26230071,Dr.Max,Dr.Max LÉKÁRNA,Přetlucká 3295/50,10000,Praha 10,,,2015,"Přetlucká 3295, Praha 10000",321
100.000000000000000,"Švehlova 1391, Praha 10200",26230071,Dr.Max,Dr.Max LÉKÁRNA,Švehlova 1391/32,10200,Praha 10,,,2015,"Švehlova 1391, Praha 10200",237
100.000000000000000,"Veronské nám. 403, Praha 10900",26230071,Dr.Max,Dr.Max LÉKÁRNA,Veronské nám. 403,10900,Praha 10,,,2015,"Veronské nám. 403, Praha 10900",685
100.000000000000000,"Karlovo náměstí 8, Praha 12000",26230071,Dr.Max,Dr.Max LÉKÁRNA,Karlovo náměstí 8,12000,Praha 2,,,2015,"Karlovo náměstí 8, Praha 12000",788
100.000000000000000,"Vinohradská 1596, Praha 12000",26230071,Dr.Max,Dr.Max LÉKÁRNA,Vinohradská 1596/29,12000,Praha 2,,,2015,"Vinohradská 1596, Praha 12000",1166
100.000000000000000,"Budějovická 1126, Praha 14000",26230071,Dr.Max,Dr.Max LÉKÁRNA,Budějovická 1126/9,14000,Praha 4,,,2015,"Budějovická 1126, Praha 14000",757
100.000000000000000,"Čestmírova 363, Praha 14000",26230071,Dr.Max,Dr.Max LÉKÁRNA,Čestmírova 363/1,14000,Praha 4,,,2015,"Čestmírova 363, Praha 14000",941
100.000000000000000,"Hviezdoslavova 1600, Praha 14900",26230071,Dr.Max,Dr.Max LÉKÁRNA,Hviezdoslavova 1600/6,14900,Praha 4,,,2015,"Hviezdoslavova 1600, Praha 14900",1275
100.000000000000000,"Krčská 1079, Praha 14000",26230071,Dr.Max,Dr.Max LÉKÁRNA,Krčská 1079/59,14000,Praha 4,,,2015,"Krčská 1079, Praha 14000",709
100.000000000000000,"Michnova 1622, Praha 14900",26230071,Dr.Max,Dr.Max LÉKÁRNA,Michnova 1622/4,14900,Praha 4,,,2015,"Michnova 1622, Praha 14900",1312
100.000000000000000,"Soukalova 3355, Praha 14300",26230071,Dr.Max,Dr.Max LÉKÁRNA,Soukalova 3355,14300,Praha 4,,,2015,"Soukalova 3355, Praha 14300",448
100.000000000000000,"U plynárny 64, Praha 14000",26230071,Dr.Max,Dr.Max LÉKÁRNA,U plynárny 64,14000,Praha 4,,,2015,"U plynárny 64, Praha 14000",92
96.250000000000000,"Nádražní 280, Praha 15000",26230071,Dr.Max,Dr.Max LÉKÁRNA,Nádražní 20/286,15000,Praha 5,,,2015,"Nádražní 20, Praha 15000",241
100.000000000000000,"Plzeňská 8, Praha 15000",26230071,Dr.Max,Dr.Max LÉKÁRNA,Plzeňská 8,15000,Praha 5,,,2015,"Plzeňská 8, Praha 15000",851
100.000000000000000,"Radlická 520, Praha 15800",26230071,Dr.Max,Dr.Max LÉKÁRNA,Radlická 520/117,15800,Praha 5,,,2015,"Radlická 520, Praha 15800",223
100.000000000000000,"Řevnická 1, Praha 15521",26230071,Dr.Max,Dr.Max LÉKÁRNA,Řevnická 1/121,15521,Praha 5,,,2015,"Řevnická 1, Praha 15521",34
97.000000000000000,"Bělohorská 2065, Praha 16900",26230071,Dr.Max,Dr.Max LÉKÁRNA,Bělohorská 205,16900,Praha 6,,,2015,"Bělohorská 205, Praha 16900",89
100.000000000000000,"Jugoslávských partyzánů 636, Praha 16000",26230071,Dr.Max,Dr.Max LÉKÁRNA,Jugoslávských partyzánů 636/20,16000,Praha 6,,,2015,"Jugoslávských partyzánů 636, Praha 16000",844
100.000000000000000,"Makovského 1349, Praha 16300",26230071,Dr.Max,Dr.Max LÉKÁRNA,Makovského 1349/2a,16300,Praha 6,,,2015,"Makovského 1349, Praha 16300",1128
100.000000000000000,"Suchdolské náměstí 445, Praha 16500",26230071,Dr.Max,Dr.Max LÉKÁRNA,Suchdolské náměstí 445/7,16500,Praha 6,,,2015,"Suchdolské náměstí 445, Praha 16500",117
100.000000000000000,"Vítězné náměstí 13, Praha 16000",26230071,Dr.Max,Dr.Max LÉKÁRNA,Vítězné náměstí 13,16000,Praha 6,,,2015,"Vítězné náměstí 13, Praha 16000",1276
100.000000000000000,"Dukelských hrdinů 406, Praha 17000",26230071,Dr.Max,Dr.Max LÉKÁRNA,Dukelských hrdinů 406/23,17000,Praha 7,,,2015,"Dukelských hrdinů 406, Praha 17000",1121
100.000000000000000,"Střelničná 2270, Praha 18000",26230071,Dr.Max,Dr.Max LÉKÁRNA,Střelničná 2270/46,18000,Praha 8,,,2015,"Střelničná 2270, Praha 18000",629
100.000000000000000,"Voctářova 2401, Praha 18000",26230071,Dr.Max,Dr.Max LÉKÁRNA,"Voctářova 2401/8, OD Kaufland",18000,Praha 8,,,2015,"Voctářova 2401, Praha 18000",212
100.000000000000000,"Zenklova 1545, Praha 18000",26230071,Dr.Max,Dr.Max LÉKÁRNA,Zenklova 1545/39,18000,Praha 8,,,2015,"Zenklova 1545, Praha 18000",325
100.000000000000000,"Mochovská 535, Praha 19800",26230071,Dr.Max,Dr.Max LÉKÁRNA,Mochovská 535/38,19800,Praha 9,,,2015,"Mochovská 535, Praha 19800",491
100.000000000000000,"V třešňovce 232, Praha 19000",26230071,Dr.Max,Dr.Max LÉKÁRNA,V třešňovce 232/2,19000,Praha 9,,,2015,"V třešňovce 232, Praha 19000",358
100.000000000000000,"Vajgarská 1141, Praha 19800",26230071,Dr.Max,Dr.Max LÉKÁRNA,Vajgarská 1141,19800,Praha 9,,,2015,"Vajgarská 1141, Praha 19800",306
100.000000000000000,"Veselská 663, Praha 19900",26230071,Dr.Max,Dr.Max LÉKÁRNA,Veselská 663,19900,Praha 9,,,2015,"Veselská 663, Praha 19900",202
100.000000000000000,"Denisova 2907, Přerov 75002",26230071,Dr.Max,Dr.Max LÉKÁRNA,Denisova 2907/11,75002,Přerov,,,2015,"Denisova 2907, Přerov 75002",343
100.000000000000000,"Wilsonova 220, Přerov 75002",26230071,Dr.Max,Dr.Max LÉKÁRNA,Wilsonova 220/1,75002,Přerov,,,2015,"Wilsonova 220, Přerov 75002",695
100.000000000000000,"Dukelská brána 25, Prostějov 79601",26230071,Dr.Max,Dr.Max LÉKÁRNA,Dukelská brána 25/7,79601,Prostějov,,,2015,"Dukelská brána 25, Prostějov 79601",372
100.000000000000000,"Janáčkova 13, Prostějov 79601",26230071,Dr.Max,Dr.Max LÉKÁRNA,Janáčkova 13/4266,79601,Prostějov,,,2015,"Janáčkova 13, Prostějov 79601",170
100.000000000000000,"Okružní 4262, Prostějov 79601",26230071,Dr.Max,Dr.Max LÉKÁRNA,Okružní 4262,79601,Prostějov,,,2015,"Okružní 4262, Prostějov 79601",286
100.000000000000000,"Husovo náměstí 165, Rakovník 26901",26230071,Dr.Max,Dr.Max LÉKÁRNA,Husovo náměstí 165,26901,Rakovník,,,2015,"Husovo náměstí 165, Rakovník 26901",403
100.000000000000000,"Luženská 2725, Rakovník 26901",26230071,Dr.Max,Dr.Max LÉKÁRNA,Luženská 2725/II,26901,Rakovník,,,2015,"Luženská 2725, Rakovník 26901",109
100.000000000000000,"Štefánikova 247, Říčany 25101",26230071,Dr.Max,Dr.Max LÉKÁRNA,Štefánikova 247/28,25101,Říčany,,,2015,"Štefánikova 247, Říčany 25101",142
100.000000000000000,"Malé náměstí 105, Rokycany 33701",26230071,Dr.Max,Dr.Max LÉKÁRNA,Malé náměstí 105,33701,Rokycany,,,2015,"Malé náměstí 105, Rokycany 33701",377
100.000000000000000,"Sídliště 603, Rotava 35701",26230071,Dr.Max,Dr.Max LÉKÁRNA,Sídliště 603,35701,Rotava,,,2015,"Sídliště 603, Rotava 35701",58
100.000000000000000,"1. máje 1425, Rožnov pod Radhoštěm 75661",26230071,Dr.Max,Dr.Max LÉKÁRNA,1. máje 1425,75661,Rožnov pod Radhoštěm,,,2015,"1. máje 1425, Rožnov pod Radhoštěm 75661",498
100.000000000000000,"Meziříčská 2900, Rožnov pod Radhoštěm 75661",26230071,Dr.Max,Dr.Max LÉKÁRNA,Meziříčská 2900,75661,Rožnov pod Radhoštěm,,,2015,"Meziříčská 2900, Rožnov pod Radhoštěm 75661",405
100.000000000000000,"Jiráskova 1389, Rychnov nad Kněžnou 51601",26230071,Dr.Max,Dr.Max LÉKÁRNA,Jiráskova 1389,51601,Rychnov nad Kněžnou,,,2015,"Jiráskova 1389, Rychnov nad Kněžnou 51601",44
100.000000000000000,"Mírová 1545, Rychnov nad Kněžnou 51601",26230071,Dr.Max,Dr.Max LÉKÁRNA,Mírová 1545,51601,Rychnov nad Kněžnou,,,2015,"Mírová 1545, Rychnov nad Kněžnou 51601",387
100.000000000000000,"Staré náměstí 26, Rychnov nad Kněžnou 51601",26230071,Dr.Max,Dr.Max LÉKÁRNA,Staré náměstí 26,51601,Rychnov nad Kněžnou,,,2015,"Staré náměstí 26, Rychnov nad Kněžnou 51601",303
100.000000000000000,"Růžová 118, Sedlčany 26401",26230071,Dr.Max,Dr.Max LÉKÁRNA,Růžová 118,26401,Sedlčany,,,2015,"Růžová 118, Sedlčany 26401",267
100.000000000000000,"Tyršova 144, Sedlčany 26401",26230071,Dr.Max,Dr.Max LÉKÁRNA,Tyršova 144,26401,Sedlčany,,,2015,"Tyršova 144, Sedlčany 26401",251
100.000000000000000,"Dukelská 672, Šenov u Nového Jičína 74242",26230071,Dr.Max,Dr.Max LÉKÁRNA,Dukelská 672,74242,Šenov u Nového Jičína,,,2015,"Dukelská 672, Šenov u Nového Jičína 74242",152
100.000000000000000,"Karla Čapka 1656, Šlapanice 66451",26230071,Dr.Max,Dr.Max LÉKÁRNA,Karla Čapka 1656,66451,Šlapanice,,,2015,"Karla Čapka 1656, Šlapanice 66451",169
100.000000000000000,"Horní náměstí 112, Slavičín 76321",26230071,Dr.Max,Dr.Max LÉKÁRNA,Horní náměstí 112,76321,Slavičín,,,2015,"Horní náměstí 112, Slavičín 76321",164
100.000000000000000,"Marie Majerové 2193, Sokolov 35601",26230071,Dr.Max,Dr.Max LÉKÁRNA,Marie Majerové 2193,35601,Sokolov,,,2015,"Marie Majerové 2193, Sokolov 35601",536
100.000000000000000,"Katovická 1303, Strakonice 38601",26230071,Dr.Max,Dr.Max LÉKÁRNA,Katovická 1303,38601,Strakonice,,,2015,"Katovická 1303, Strakonice 38601",436
100.000000000000000,"Kostelní 1407, Strážnice 69662",26230071,Dr.Max,Dr.Max LÉKÁRNA,Kostelní 1407,69662,Strážnice,,,2015,"Kostelní 1407, Strážnice 69662",267
100.000000000000000,"nám. Republiky 653, Studénka 74213",26230071,Dr.Max,Dr.Max LÉKÁRNA,nám. Republiky 653,74213,Studénka,,,2015,"nám. Republiky 653, Studénka 74213",384
100.000000000000000,"Vítězná 2886, Šumperk 78701",26230071,Dr.Max,Dr.Max LÉKÁRNA,Vítězná 2886,78701,Šumperk,,,2015,"Vítězná 2886, Šumperk 78701",445
100.000000000000000,"Vřesová 11, Šumperk 78701",26230071,Dr.Max,Dr.Max LÉKÁRNA,Vřesová 11,78701,Šumperk,,,2015,"Vřesová 11, Šumperk 78701",129
100.000000000000000,"Antonína Slavíčka 892, Svitavy 56802",26230071,Dr.Max,Dr.Max LÉKÁRNA,Antonína Slavíčka 892/1,56802,Svitavy,,,2015,"Antonína Slavíčka 892, Svitavy 56802",169
100.000000000000000,"U Tří mostů 844, Svitavy 56802",26230071,Dr.Max,Dr.Max LÉKÁRNA,U Tří mostů 844/2,56802,Svitavy,,,2015,"U Tří mostů 844, Svitavy 56802",194
100.000000000000000,"Volgogradská 2972, Tábor 39005",26230071,Dr.Max,Dr.Max LÉKÁRNA,Volgogradská 2972,39005,Tábor,,,2015,"Volgogradská 2972, Tábor 39005",365
100.000000000000000,"náměstí Republiky 11, Tachov 34701",26230071,Dr.Max,Dr.Max LÉKÁRNA,Náměstí Republiky 11,34701,Tachov,,,2015,"Náměstí Republiky 11, Tachov 34701",230
100.000000000000000,"Zámecká 2111, Tachov 34701",26230071,Dr.Max,Dr.Max LÉKÁRNA,Zámecká 2111,34701,Tachov,,,2015,"Zámecká 2111, Tachov 34701",280
100.000000000000000,"Masarykova 330, Telč 58856",26230071,Dr.Max,Dr.Max LÉKÁRNA,Masarykova 330,58856,Telč,,,2015,"Masarykova 330, Telč 58856",150
100.000000000000000,"Bohosudovská 1882, Teplice 41501",26230071,Dr.Max,Dr.Max LÉKÁRNA,Bohosudovská 1882,41501,Teplice,,,2015,"Bohosudovská 1882, Teplice 41501",489
96.250000000000000,"Duchcovská 563, Teplice 41501",26230071,Dr.Max,Dr.Max LÉKÁRNA,Duchcovská 53,41501,Teplice,,,2015,"Duchcovská 53, Teplice 41501",482
100.000000000000000,"U nádraží 529, Teplice 41501",26230071,Dr.Max,Dr.Max LÉKÁRNA,U Nádraží 529/7,41501,Teplice,,,2015,"U Nádraží 529, Teplice 41501",220
100.000000000000000,"Mlýnská , Tišnov 66601",26230071,Dr.Max,Dr.Max LÉKÁRNA,Mlýnská,66601,Tišnov,,,2015,"Mlýnská, Tišnov 66601",198
100.000000000000000,"Brněnská 360, Třebíč 67401",26230071,Dr.Max,Dr.Max LÉKÁRNA,Brněnská 360,67401,Třebíč,,,2015,"Brněnská 360, Třebíč 67401",250
100.000000000000000,"Svobody 1143, Třeboň 37901",26230071,Dr.Max,Dr.Max LÉKÁRNA,Svobody 1143,37901,Třeboň,,,2015,"Svobody 1143, Třeboň 37901",263
100.000000000000000,"Lidická 1269, Třinec 73961",26230071,Dr.Max,Dr.Max LÉKÁRNA,Lidická 1269,73961,Třinec,,,2015,"Lidická 1269, Třinec 73961",915
100.000000000000000,"Staroměstská 534, Třinec 73961",26230071,Dr.Max,Dr.Max LÉKÁRNA,Staroměstská 534,73961,Třinec,,,2015,"Staroměstská 534, Třinec 73961",148
100.000000000000000,"Tyršova 869, Trmice 40004",26230071,Dr.Max,Dr.Max LÉKÁRNA,Tyršova 869,40004,Trmice,,,2015,"Tyršova 869, Trmice 40004",8
100.000000000000000,"Horská 64, Trutnov 54101",26230071,Dr.Max,Dr.Max LÉKÁRNA,Horská 64,54101,Trutnov,,,2015,"Horská 64, Trutnov 54101",448
100.000000000000000,"Žižkova 515, Trutnov 54101",26230071,Dr.Max,Dr.Max LÉKÁRNA,Žižkova 515,54101,Trutnov,,,2015,"Žižkova 515, Trutnov 54101",207
100.000000000000000,"28. října 1000, Turnov 51101",26230071,Dr.Max,Dr.Max LÉKÁRNA,28. října 1000,51101,Turnov,,,2015,"28. října 1000, Turnov 51101",110
100.000000000000000,"Svobodova 2248, Turnov 51101",26230071,Dr.Max,Dr.Max LÉKÁRNA,Svobodova 2248,51101,Turnov,,,2015,"Svobodova 2248, Turnov 51101",75
100.000000000000000,"Sakařova 756, Týn nad Vltavou 37501",26230071,Dr.Max,Dr.Max LÉKÁRNA,Sakařova 756,37501,Týn nad Vltavou,,,2015,"Sakařova 756, Týn nad Vltavou 37501",92
100.000000000000000,"Tř. Maršála Malinovského 1304, Uherské Hradiště 68601",26230071,Dr.Max,Dr.Max LÉKÁRNA,Tř. Maršála Malinovského 1304,68601,Uherské Hradiště,,,2015,"Tř. Maršála Malinovského 1304, Uherské Hradiště 68601",337
100.000000000000000,"Bří Lužů 2251, Uherský Brod 68801",26230071,Dr.Max,Dr.Max LÉKÁRNA,Bří Lužů 2251,68801,Uherský Brod,,,2015,"Bří Lužů 2251, Uherský Brod 68801",303
100.000000000000000,"Vlčnovská 2514, Uherský Brod 68801",26230071,Dr.Max,Dr.Max LÉKÁRNA,Vlčnovská 2514,68801,Uherský Brod,,,2015,"Vlčnovská 2514, Uherský Brod 68801",155
100.000000000000000,"Bratří Čapků 1103, Úpice 54232",26230071,Dr.Max,Dr.Max LÉKÁRNA,Bratří Čapků 1103,54232,Úpice,,,2015,"Bratří Čapků 1103, Úpice 54232",72
100.000000000000000,"Mistra Jaroslava Kociana 25, Ústí nad Orlicí 56201",26230071,Dr.Max,Dr.Max LÉKÁRNA,Mistra Jaroslava Kociana 25,56201,Ústí nad Orlicí,,,2015,"Mistra Jaroslava Kociana 25, Ústí nad Orlicí 56201",181
100.000000000000000,"T. G. Masaryka 125, Ústí nad Orlicí 56201",26230071,Dr.Max,Dr.Max LÉKÁRNA,T. G. Masaryka 125,56201,Ústí nad Orlicí,,,2015,"T. G. Masaryka 125, Ústí nad Orlicí 56201",191
100.000000000000000,"Krátká 1008, Valašské Klobouky 76601",26230071,Dr.Max,Dr.Max LÉKÁRNA,Krátká 1008,76601,Valašské Klobouky,,,2015,"Krátká 1008, Valašské Klobouky 76601",182
100.000000000000000,"Mostní 102, Valašské Meziříčí 75701",26230071,Dr.Max,Dr.Max LÉKÁRNA,Mostní 102/16,75701,Valašské Meziříčí,,,2015,"Mostní 102, Valašské Meziříčí 75701",386
100.000000000000000,"U Nákladního nádraží 848, Valašské Meziříčí 75701",26230071,Dr.Max,Dr.Max LÉKÁRNA,U Nákladního nádraží 848,75701,Valašské Meziříčí,,,2015,"U Nákladního nádraží 848, Valašské Meziříčí 75701",293
100.000000000000000,"Národní 3314, Varnsdorf 40747",26230071,Dr.Max,Dr.Max LÉKÁRNA,Národní 3314,40747,Varnsdorf,,,2015,"Národní 3314, Varnsdorf 40747",310
100.000000000000000,"Náměstí 22, Velké Meziříčí 59401",26230071,Dr.Max,Dr.Max LÉKÁRNA,Náměstí 22/24,59401,Velké Meziříčí,,,2015,"Náměstí 22, Velké Meziříčí 59401",181
100.000000000000000,"Stolářská 1758, Veselí nad Moravou 69801",26230071,Dr.Max,Dr.Max LÉKÁRNA,Stolařská 1758,69801,Veselí nad Moravou,,,2015,"Stolařská 1758, Veselí nad Moravou 69801",207
100.000000000000000,"Pasovská 175, Vimperk 38501",26230071,Dr.Max,Dr.Max LÉKÁRNA,Pasovská 175,38501,Vimperk,,,2015,"Pasovská 175, Vimperk 38501",78
100.000000000000000,"Komenského 1894, Vlašim 25801",26230071,Dr.Max,Dr.Max LÉKÁRNA,Komenského 1894,25801,Vlašim,,,2015,"Komenského 1894, Vlašim 25801",357
100.000000000000000,"Krkonošská 20, Vrchlabí 54301",26230071,Dr.Max,Dr.Max LÉKÁRNA,Krkonošská 20,54301,Vrchlabí,,,2015,"Krkonošská 20, Vrchlabí 54301",149
100.000000000000000,"Cukrovarská 492, Vyškov 68201",26230071,Dr.Max,Dr.Max LÉKÁRNA,"Cukrovarská 492/4, OD Kaufland",68201,Vyškov,,,2015,"Cukrovarská 492, Vyškov 68201",126
100.000000000000000,"U Jandovky 2, Vyškov 68201",26230071,Dr.Max,Dr.Max LÉKÁRNA,U Jandovky 2,68201,Vyškov,,,2015,"U Jandovky 2, Vyškov 68201",141
100.000000000000000,"Dráby 936, Vysoké Mýto 56601",26230071,Dr.Max,Dr.Max LÉKÁRNA,Dráby 936,56601,Vysoké Mýto,,,2015,"Dráby 936, Vysoké Mýto 56601",105
100.000000000000000,"Kadaňská 3034, Žatec 43801",26230071,Dr.Max,Dr.Max LÉKÁRNA,Kadaňská 3034,43801,Žatec,,,2015,"Kadaňská 3034, Žatec 43801",112
100.000000000000000,"nám. Republiky 151, Žďár nad Sázavou 59101",26230071,Dr.Max,Dr.Max LÉKÁRNA,nám. Republiky 151,59101,Žďár nad Sázavou,,,2015,"nám. Republiky 151, Žďár nad Sázavou 59101",455
100.000000000000000,"Sokolská 5300, Zlín 76001",26230071,Dr.Max,Dr.Max LÉKÁRNA,Sokolská 5300,76001,Zlín,,,2015,"Sokolská 5300, Zlín 76001",149
100.000000000000000,"Dukelských bojovníků 3632, Znojmo 67181",26230071,Dr.Max,Dr.Max LÉKÁRNA,Dukelských bojovníků 3632/156,67181,Znojmo,,,2015,"Dukelských bojovníků 3632, Znojmo 67181",254
100.000000000000000,"Jarošova 1234, Znojmo 66902",26230071,Dr.Max,Dr.Max LÉKÁRNA,"Jarošova 1234/2, OD Kaufland",66902,Znojmo,,,2015,"Jarošova 1234, Znojmo 66902",439
100.000000000000000,"Vídeňská třída 684, Znojmo 66902",26230071,Dr.Max,Dr.Max LÉKÁRNA,Vídeňská třída 684/69,66902,Znojmo,,,2015,"Vídeňská třída 684, Znojmo 66902",272
,,26230071,Dr.Max,Dr.Max LÉKÁRNA,Chebská ulice 2934,35201,Aš,,,2015,"Chebská ulice 2934, Aš 35201",120
,,26230071,Dr.Max,Dr.Max LÉKÁRNA,Bečov č.p. 17,43526,Bečov u Mostu,,,2015,"Bečov č.p. 17, Bečov u Mostu 43526",15
,,26230071,Dr.Max,Dr.Max LÉKÁRNA,Červené Vršky 2217,25601,Benešov u Prahy,,,2015,"Červené Vršky 2217, Benešov u Prahy 25601",75
,,26230071,Dr.Max,Dr.Max LÉKÁRNA,Přimdská 501,34802,Bor u Tachova,,,2015,"Přimdská 501, Bor u Tachova 34802",15
,,26230071,Dr.Max,Dr.Max LÉKÁRNA,Kostelecká 1959,25001,Brandýs nad Labem,,,2015,"Kostelecká 1959, Brandýs nad Labem 25001",411
,,26230071,Dr.Max,Dr.Max LÉKÁRNA,Masarykovo nám. 95,25001,Brandýs nad Labem,,,2015,"Masarykovo nám. 95, Brandýs nad Labem 25001",311
,,26230071,Dr.Max,Dr.Max LÉKÁRNA,Jana Palacha 3152/17,69002,Břeclav,,,2015,"Jana Palacha 3152, Břeclav 69002",488
,,26230071,Dr.Max,Dr.Max LÉKÁRNA,Bubeníčkova 2688/1,61500,Brno,,,2015,"Bubeníčkova 2688, Brno 61500",446
,,26230071,Dr.Max,Dr.Max LÉKÁRNA,Halasovo náměstí 6b,63800,Brno,,,2015,"Halasovo náměstí 6b, Brno 63800",585
,,26230071,Dr.Max,Dr.Max LÉKÁRNA,Netroufalky 14-16,62500,Brno,,,2015,"Netroufalky 14-16, Brno 62500",218
,,26230071,Dr.Max,Dr.Max LÉKÁRNA,"Sportovní 21, OD Kaufland",60200,Brno,,,2015,"Sportovní 21, OD Kaufland, Brno 60200",1274
,,26230071,Dr.Max,Dr.Max LÉKÁRNA,Masarykovo nám. 63,59301,Bystřice nad Pernštejnem,,,2015,"Masarykovo nám. 63, Bystřice nad Pernštejnem 59301",281
,,26230071,Dr.Max,Dr.Max LÉKÁRNA,nám. Přem.Otakara II. 88/26,37001,České Budějovice,,,2015,"nám. Přem.Otakara II. 88, České Budějovice 37001",549
,,26230071,Dr.Max,Dr.Max LÉKÁRNA,"Farského 4732, OC Chomutovka",43001,Chomutov,,,2015,"Farského 4732, OC Chomutovka, Chomutov 43001",391
,,26230071,Dr.Max,Dr.Max LÉKÁRNA,Mostecká 5894,43001,Chomutov,,,2015,"Mostecká 5894, Chomutov 43001",269
,,26230071,Dr.Max,Dr.Max LÉKÁRNA,SNP 1081,53705,Chrudim,,,2015,"SNP 1081, Chrudim 53705",127
,,26230071,Dr.Max,Dr.Max LÉKÁRNA,Oblouková 1395/4,40501,Děčín,,,2015,"Oblouková 1395, Děčín 40501",210
,,26230071,Dr.Max,Dr.Max LÉKÁRNA,"Pražská 1659, OC KIK",26301,Dobříš,,,2015,"Pražská 1659, OC KIK, Dobříš 26301",242
,,26230071,Dr.Max,Dr.Max LÉKÁRNA,Antonínovo náměstí 92,73801,Frýdek - Místek,,,2015,"Antonínovo náměstí 92, Frýdek - Místek 73801",712
,,26230071,Dr.Max,Dr.Max LÉKÁRNA,Hlavní třída 3274,73801,Frýdek - Místek,,,2015,"Hlavní třída 3274, Frýdek - Místek 73801",380
,,26230071,Dr.Max,Dr.Max LÉKÁRNA,Příborská 2270,73801,Frýdek - Místek,,,2015,"Příborská 2270, Frýdek - Místek 73801",206
,,26230071,Dr.Max,Dr.Max LÉKÁRNA,Revoluční 3470,73801,Frýdek - Místek,,,2015,"Revoluční 3470, Frýdek - Místek 73801",543
,,26230071,Dr.Max,Dr.Max LÉKÁRNA,U Stadionu 1640/1,73601,Havířov - Podlesí,,,2015,"U Stadionu 1640, Havířov - Podlesí 73601",702
,,26230071,Dr.Max,Dr.Max LÉKÁRNA,Před Tratí 891,73564,Havířov - Prostřední Suchá,,,2015,"Před Tratí 891, Havířov - Prostřední Suchá 73564",205
,,26230071,Dr.Max,Dr.Max LÉKÁRNA,U Skleníků 1490/24,73564,Havířov - Prostřední Suchá,,,2015,"U Skleníků 1490, Havířov - Prostřední Suchá 73564",157
,,26230071,Dr.Max,Dr.Max LÉKÁRNA,nám. T. G. Masaryka 3,53401,Holice,,,2015,"nám. T. G. Masaryka 3, Holice 53401",103
,,26230071,Dr.Max,Dr.Max LÉKÁRNA,Družstevní 2034,75301,Hranice na Moravě,,,2015,"Družstevní 2034, Hranice na Moravě 75301",406
,,26230071,Dr.Max,Dr.Max LÉKÁRNA,Pernštejnské nám. 110,75301,Hranice na Moravě,,,2015,"Pernštejnské nám. 110, Hranice na Moravě 75301",412
,,26230071,Dr.Max,Dr.Max LÉKÁRNA,Oslavanská,66491,Ivančice,,,2015,"Oslavanská, Ivančice 66491",212
,,26230071,Dr.Max,Dr.Max LÉKÁRNA,Romana Havelky 1241,58601,Jihlava,,,2015,"Romana Havelky 1241, Jihlava 58601",73
,,26230071,Dr.Max,Dr.Max LÉKÁRNA,Obchodní zóna 263,43111,Jirkov,,,2015,"Obchodní zóna 263, Jirkov 43111",179
,,26230071,Dr.Max,Dr.Max LÉKÁRNA,"Chebská 370/81A, OC Tesco",36001,Karlovy Vary,,,2015,"Chebská 370, Karlovy Vary 36001",116
,,26230071,Dr.Max,Dr.Max LÉKÁRNA,"Kpt. Jaroše 375/1, OC Varyáda",36001,Karlovy Vary,,,2015,"Kpt. Jaroše 375, Karlovy Vary 36001",126
,,26230071,Dr.Max,Dr.Max LÉKÁRNA,Obchodní ulice 30,36211,Karlovy Vary,,,2015,"Obchodní ulice 30, Karlovy Vary 36211",2
,,26230071,Dr.Max,Dr.Max LÉKÁRNA,Leonovova 2015/2,73301,Karviná - Hranice,,,2015,"Leonovova 2015, Karviná - Hranice 73301",678
,,26230071,Dr.Max,Dr.Max LÉKÁRNA,tř. 17. listopadu 883/2a,73401,Karviná - Ráj,,,2015,"tř. 17. listopadu 883, Karviná - Ráj 73401",486
,,26230071,Dr.Max,Dr.Max LÉKÁRNA,"Arménská ul., OC Oáza",27201,Kladno,,,2015,"Arménská ul., OC Oáza, Kladno 27201",292
,,26230071,Dr.Max,Dr.Max LÉKÁRNA,nám. Svobody 1976,27201,Kladno,,,2015,"nám. Svobody 1976, Kladno 27201",331
,,26230071,Dr.Max,Dr.Max LÉKÁRNA,Nám.Míru 350,76701,Kroměříž,,,2015,"Nám.Míru 350, Kroměříž 76701",356
,,26230071,Dr.Max,Dr.Max LÉKÁRNA,Dr. Milady Horákové 586/90,46001,Liberec,,,2015,"Dr. Milady Horákové 586, Liberec 46001",179
,,26230071,Dr.Max,Dr.Max LÉKÁRNA,Klášterní 117/2,46001,Liberec,,,2015,"Klášterní 117, Liberec 46001",293
,,26230071,Dr.Max,Dr.Max LÉKÁRNA,Soukenné náměstí 669/2a,46001,Liberec,,,2015,"Soukenné náměstí 669, Liberec 46001",448
,,26230071,Dr.Max,Dr.Max LÉKÁRNA,Sousedská 600,46011,Liberec,,,2015,"Sousedská 600, Liberec 46011",12
,,26230071,Dr.Max,Dr.Max LÉKÁRNA,"Jiráskova, OC Kaufland",43601,Litvínov,,,2015,"Jiráskova, OC Kaufland, Litvínov 43601",652
,,26230071,Dr.Max,Dr.Max LÉKÁRNA,Bezručova 3630,27601,Mělník,,,2015,"Bezručova 3630, Mělník 27601",336
,,26230071,Dr.Max,Dr.Max LÉKÁRNA,Na Radouči 1326,29301,Mladá Boleslav,,,2015,"Na Radouči 1326, Mladá Boleslav 29301",833
,,26230071,Dr.Max,Dr.Max LÉKÁRNA,ul. U Stadionu 1276/11,29301,Mladá Boleslav,,,2015,"ul. U Stadionu 1276, Mladá Boleslav 29301",805
,,26230071,Dr.Max,OOVL - L Dr.Max Šlapanice,Mokrá-Horákov 357,66404,Mokrá-Horákov,,,2015,"Mokrá-Horákov 357, Mokrá-Horákov 66404",27
,,26230071,Dr.Max,Dr.Max LÉKÁRNA,Vratislavovo nám. 12,52931,Nové Město na Moravě,,,2015,"Vratislavovo nám. 12, Nové Město na Moravě 52931",175
,,26230071,Dr.Max,Dr.Max LÉKÁRNA,Bohuslava Martinů 2097/30,74101,Nový Jičín,,,2015,"Bohuslava Martinů 2097, Nový Jičín 74101",119
,,26230071,Dr.Max,Dr.Max LÉKÁRNA,Kolínská 2507,28828,Nymburk,,,2015,"Kolínská 2507, Nymburk 28828",52
,,26230071,Dr.Max,Dr.Max LÉKÁRNA,8.května 515/19,77200,Olomouc,,,2015,"8.května 515, Olomouc 77200",336
,,26230071,Dr.Max,Dr.Max LÉKÁRNA,Štursova 1124/3,77200,Olomouc,,,2015,"Štursova 1124, Olomouc 77200",326
,,26230071,Dr.Max,Dr.Max LÉKÁRNA,Hlučínská 1605/49,74705,Opava - Kateřinky,,,2015,"Hlučínská 1605, Opava - Kateřinky 74705",53
,,26230071,Dr.Max,Dr.Max LÉKÁRNA,Pekařská 83,74705,Opava - Kateřinky,,,2015,"Pekařská 83, Opava - Kateřinky 74705",470
,,26230071,Dr.Max,Dr.Max LÉKÁRNA,17. listopadu 1432,73514,Orlová - Lutyně,,,2015,"17. listopadu 1432, Orlová - Lutyně 73514",33
,,26230071,Dr.Max,Dr.Max LÉKÁRNA,Masarykova 1333,73514,Orlová - Lutyně,,,2015,"Masarykova 1333, Orlová - Lutyně 73514",782
,,26230071,Dr.Max,Dr.Max LÉKÁRNA,Okružní 1430,73514,Orlová - Lutyně,,,2015,"Okružní 1430, Orlová - Lutyně 73514",580
,,26230071,Dr.Max,Dr.Max LÉKÁRNA,Horní třída 1457/59,70030,Ostrava - Hrabůvka,,,2015,"Horní třída 1457, Ostrava - Hrabůvka 70030",1006
,,26230071,Dr.Max,Dr.Max LÉKÁRNA,Grmelova 2032/2,70900,Ostrava - Mariánské Hory,,,2015,"Grmelova 2032, Ostrava - Mariánské Hory 70900",115
,,26230071,Dr.Max,Dr.Max LÉKÁRNA,28. října 65/3348,70200,Ostrava - Moravská Ostrava,,,2015,"28. října 65, Ostrava - Moravská Ostrava 70200",235
,,26230071,Dr.Max,Dr.Max LÉKÁRNA,Masarykovo nám. 15,70200,Ostrava - Moravská Ostrava,,,2015,"Masarykovo nám. 15, Ostrava - Moravská Ostrava 70200",374
,,26230071,Dr.Max,Dr.Max LÉKÁRNA,Vítkovická 3278/3,70200,Ostrava - Moravská Ostrava,,,2015,"Vítkovická 3278, Ostrava - Moravská Ostrava 70200",264
,,26230071,Dr.Max,Dr.Max LÉKÁRNA,Opavská 326/90,72527,Ostrava - Plesná,,,2015,"Opavská 326, Ostrava - Plesná 72527",86
,,26230071,Dr.Max,Dr.Max LÉKÁRNA,Polská 6191/21,70800,Ostrava - Poruba,,,2015,"Polská 6191, Ostrava - Poruba 70800",428
,,26230071,Dr.Max,Dr.Max LÉKÁRNA,Sjízdná 5554/2,72200,Ostrava - Třebovice,,,2015,"Sjízdná 5554, Ostrava - Třebovice 72200",141
,,26230071,Dr.Max,Dr.Max LÉKÁRNA,Pavlovova 2624/29,70030,Ostrava - Zábřeh,,,2015,"Pavlovova 2624, Ostrava - Zábřeh 70030",527
,,26230071,Dr.Max,Dr.Max LÉKÁRNA,Výškovická 3086/44,70030,Ostrava - Zábřeh,,,2015,"Výškovická 3086, Ostrava - Zábřeh 70030",141
,,26230071,Dr.Max,Dr.Max LÉKÁRNA,Palackého tř. 2748,53002,Pardubice,,,2015,"Palackého tř. 2748, Pardubice 53002",298
,,26230071,Dr.Max,Dr.Max LÉKÁRNA,Alšovo náměstí 74/11,39701,Písek,,,2015,"Alšovo náměstí 74, Písek 39701",348
,,26230071,Dr.Max,Dr.Max LÉKÁRNA,B. Smetany 139/1,30100,Plzeň,,,2015,"B. Smetany 139, Plzeň 30100",435
,,26230071,Dr.Max,Dr.Max LÉKÁRNA,Rokycanská 1424/128,31216,Plzeň,,,2015,"Rokycanská 1424, Plzeň 31216",12
,,26230071,Dr.Max,Dr.Max LÉKÁRNA,U Letiště 2,32001,Plzeň,,,2015,"U Letiště 2, Plzeň 32001",0
,,26230071,Dr.Max,Dr.Max LÉKÁRNA,Jabloňová 2137/13,10000,Praha 10,,,2015,"Jabloňová 2137, Praha 10000",648
,,26230071,Dr.Max,Dr.Max LÉKÁRNA,Kubánské nám. 1271/5,10000,Praha 10,,,2015,"Kubánské nám. 1271, Praha 10000",835
,,26230071,Dr.Max,Dr.Max LÉKÁRNA,U Slávie 1527/1,10100,Praha 10,,,2015,"U Slávie 1527, Praha 10100",725
,,26230071,Dr.Max,Dr.Max LÉKÁRNA,Wilsonova 300/8,12000,Praha 2,,,2015,"Wilsonova 300, Praha 12000",368
,,26230071,Dr.Max,Dr.Max LÉKÁRNA,A.Drabíkové 534/1,14900,Praha 4,,,2015,"A.Drabíkové 534, Praha 14900",1103
,,26230071,Dr.Max,Dr.Max LÉKÁRNA,Lhotecká 2d,14000,Praha 4,,,2015,"Lhotecká 2d, Praha 14000",720
,,26230071,Dr.Max,Dr.Max LÉKÁRNA,Vojtíškova 1783,14900,Praha 4,,,2015,"Vojtíškova 1783, Praha 14900",663
,,26230071,Dr.Max,Dr.Max LÉKÁRNA,Zdislavická 583,14200,Praha 4,,,2015,"Zdislavická 583, Praha 14200",835
,,26230071,Dr.Max,Dr.Max LÉKÁRNA,Pod hranicí 1304/17,15500,Praha 5,,,2015,"Pod hranicí 1304, Praha 15500",737
,,26230071,Dr.Max,Dr.Max LÉKÁRNA,Pod Paťankou,16000,Praha 6,,,2015,"Pod Paťankou, Praha 16000",121
,,26230071,Dr.Max,Dr.Max LÉKÁRNA,Burešova 1660/1,18000,Praha 8,,,2015,"Burešova 1660, Praha 18000",751
,,26230071,Dr.Max,Dr.Max LÉKÁRNA,Kostelecká 822,19000,Praha 9,,,2015,"Kostelecká 822, Praha 19000",1
,,26230071,Dr.Max,Dr.Max LÉKÁRNA,Lovosická,19000,Praha 9,,,2015,"Lovosická, Praha 19000",411
,,26230071,Dr.Max,Dr.Max LÉKÁRNA,Brodská 496,26101,Příbram V,,,2015,"Brodská 496, Příbram V 26101",141
,,26230071,Dr.Max,Dr.Max LÉKÁRNA,Husova 622,26101,Příbram VI,,,2015,"Husova 622, Příbram VI 26101",81
,,26230071,Dr.Max,Dr.Max LÉKÁRNA,Konečná 25,79601,Prostějov,,,2015,"Konečná 25, Prostějov 79601",26
,,26230071,Dr.Max,Dr.Max LÉKÁRNA,Plumlovská 4210,79601,Prostějov,,,2015,"Plumlovská 4210, Prostějov 79601",790
,,26230071,Dr.Max,Dr.Max LÉKÁRNA,ul. 28.října 177,26401,Sedlčany,,,2015,"ul. 28.října 177, Sedlčany 26401",403
,,26230071,Dr.Max,Dr.Max LÉKÁRNA,Nádražní ul. 587,51301,Semily,,,2015,"Nádražní ul. 587, Semily 51301",236
,,26230071,Dr.Max,Dr.Max LÉKÁRNA,Husova tř. 105/12,27401,Slaný,,,2015,"Husova tř. 105, Slaný 27401",371
,,26230071,Dr.Max,Dr.Max LÉKÁRNA,"Ouvalova 1844, OC Kaufland",27401,Slaný,,,2015,"Ouvalova 1844, OC Kaufland, Slaný 27401",363
,,26230071,Dr.Max,Dr.Max LÉKÁRNA,Bezděkovská 186,38601,Strakonice II,,,2015,"Bezděkovská 186, Strakonice II 38601",522
,,26230071,Dr.Max,Dr.Max LÉKÁRNA,Dr.E.Beneše 2781/ 5,78701,Šumperk,,,2015,"Dr.E.Beneše 2781, Šumperk 78701",322
,,26230071,Dr.Max,Dr.Max LÉKÁRNA,"Hrádecká 1310, OC Tesco",34201,Sušice,,,2015,"Hrádecká 1310, OC Tesco, Sušice 34201",201
,,26230071,Dr.Max,Dr.Max LÉKÁRNA,Chýnovská 3049,39001,Tábor,,,2015,"Chýnovská 3049, Tábor 39001",183
,,26230071,Dr.Max,Dr.Max LÉKÁRNA,tř. 9. května 2886,39002,Tábor,,,2015,"tř. 9. května 2886, Tábor 39002",335
,,26230071,Dr.Max,Dr.Max LÉKÁRNA,Náměstí Svobody 3312,41501,Teplice,,,2015,"Náměstí Svobody 3312, Teplice 41501",232
,,26230071,Dr.Max,Dr.Max LÉKÁRNA,Spojovací 1345,67401,Třebíč,,,2015,"Spojovací 1345, Třebíč 67401",147
,,26230071,Dr.Max,Dr.Max LÉKÁRNA,Horská 647,54101,Trutnov,,,2015,"Horská 647, Trutnov 54101",274
,,26230071,Dr.Max,Dr.Max LÉKÁRNA,ul.Města Mayen 1496,68601,Uherské Hradiště,,,2015,"ul.Města Mayen 1496, Uherské Hradiště 68601",115
,,26230071,Dr.Max,Dr.Max LÉKÁRNA,Bílinská 3490/6,40001,Ústí n. Labem,,,2015,"Bílinská 3490, Ústí n. Labem 40001",129
,,26230071,Dr.Max,Dr.Max LÉKÁRNA,Krušnohorská 3371/2,40011,Ústí n. Labem,,,2015,"Krušnohorská 3371, Ústí n. Labem 40011",329
,,26230071,Dr.Max,Dr.Max LÉKÁRNA,Okružní 3368/7,40001,Ústí n. Labem,,,2015,"Okružní 3368, Ústí n. Labem 40001",102
,,26230071,Dr.Max,Dr.Max LÉKÁRNA,Všebořická 396,40010,Ústí n. Labem,,,2015,"Všebořická 396, Ústí n. Labem 40010",488
,,26230071,Dr.Max,Dr.Max LÉKÁRNA,"KAD Centrum, ul. Lánovská",54301,Vrchlabí,,,2015,"KAD Centrum, ul. Lánovská, Vrchlabí 54301",82
,,26230071,Dr.Max,Dr.Max LÉKÁRNA,Jasenická 301,75501,Vsetín,,,2015,"Jasenická 301, Vsetín 75501",79
,,26230071,Dr.Max,Dr.Max LÉKÁRNA,Leštinská 2336/2,78901,Zábřeh na Moravě,,,2015,"Leštinská 2336, Zábřeh na Moravě 78901",52
,,26230071,Dr.Max,Dr.Max LÉKÁRNA,"Nádražní, OD Kaufland",59101,Žďár nad Sázavou,,,2015,"Nádražní, OD Kaufland, Žďár nad Sázavou 59101",532
,,26230071,Dr.Max,Dr.Max LÉKÁRNA,J.A.Bati 21/2,76006,Zlín,,,2015,"J.A.Bati 21, Zlín 76006",320
,,26230071,Dr.Max,Dr.Max LÉKÁRNA,Tyršovo nábřeží 5498,76001,Zlín,,,2015,"Tyršovo nábřeží 5498, Zlín 76001",373
,,26230071,Dr.Max,Dr.Max LÉKÁRNA,3. května 1170,76302,Zlín-Malenovice,,,2015,"3. května 1170, Zlín-Malenovice 76302",1
